{"S0": 108950.2734375, "mu": 0.33976682698227445, "sigma": 0.5282220365575895, "T": 5.517808219178082}