{"S0": 53.869998931884766, "mu": 0.07565076078255273, "sigma": 0.3147837644986044, "T": 5.523287671232877}