{"S0": 117435.2265625, "mu": 0.3484541772411465, "sigma": 0.5279493251903739, "T": 5.528767123287671}