{"S0": 53.869998931884766, "mu": 0.07565070294848376, "sigma": 0.3147836766204537, "T": 5.523287671232877}